[
  {
    "GEN": "Altenburger Land",
    "EWZ": 90650,
    "EW_Dens": 159.081,
    "area": 569494603.7,
    "id": 400
  },
  {
    "GEN": "Greiz",
    "EWZ": 99275,
    "EW_Dens": 117.27,
    "area": 846251295.9,
    "id": 399
  },
  {
    "GEN": "Saale-Orla-Kreis",
    "EWZ": 81501,
    "EW_Dens": 70.761,
    "area": 1151650411,
    "id": 398
  },
  {
    "GEN": "Saale-Holzland-Kreis",
    "EWZ": 82990,
    "EW_Dens": 101.748,
    "area": 815554571.5,
    "id": 397
  },
  {
    "GEN": "Saalfeld-Rudolstadt",
    "EWZ": 107368,
    "EW_Dens": 103.614,
    "area": 1036381668,
    "id": 396
  },
  {
    "GEN": "Sonneberg",
    "EWZ": 56361,
    "EW_Dens": 130.165,
    "area": 433099795.3,
    "id": 395
  },
  {
    "GEN": "Weimarer Land",
    "EWZ": 82131,
    "EW_Dens": 102.111,
    "area": 804425449.5,
    "id": 394
  },
  {
    "GEN": "Ilm-Kreis",
    "EWZ": 108830,
    "EW_Dens": 129.074,
    "area": 843436994.3,
    "id": 393
  },
  {
    "GEN": "Hildburghausen",
    "EWZ": 63923,
    "EW_Dens": 68.2,
    "area": 937682144.5,
    "id": 392
  },
  {
    "GEN": "Sömmerda",
    "EWZ": 70027,
    "EW_Dens": 86.803,
    "area": 806931722,
    "id": 391
  },
  {
    "GEN": "Gotha",
    "EWZ": 135521,
    "EW_Dens": 144.85,
    "area": 936019314.1,
    "id": 390
  },
  {
    "GEN": "Schmalkalden-Meiningen",
    "EWZ": 122952,
    "EW_Dens": 101.591,
    "area": 1210932186,
    "id": 389
  },
  {
    "GEN": "Kyffhäuserkreis",
    "EWZ": 75818,
    "EW_Dens": 73.071,
    "area": 1037927608,
    "id": 388
  },
  {
    "GEN": "Unstrut-Hainich-Kreis",
    "EWZ": 103504,
    "EW_Dens": 105.756,
    "area": 979202475.4,
    "id": 387
  },
  {
    "GEN": "Wartburgkreis",
    "EWZ": 123764,
    "EW_Dens": 94.816,
    "area": 1306121500,
    "id": 386
  },
  {
    "GEN": "Nordhausen",
    "EWZ": 84697,
    "EW_Dens": 118.639,
    "area": 714223182.1,
    "id": 385
  },
  {
    "GEN": "Eichsfeld",
    "EWZ": 100645,
    "EW_Dens": 106.846,
    "area": 942539616.6,
    "id": 384
  },
  {
    "GEN": "Eisenach",
    "EWZ": 42710,
    "EW_Dens": 408.991,
    "area": 104489829.9,
    "id": 383
  },
  {
    "GEN": "Weimar",
    "EWZ": 64426,
    "EW_Dens": 763.368,
    "area": 84409651.05,
    "id": 382
  },
  {
    "GEN": "Suhl",
    "EWZ": 35166,
    "EW_Dens": 343.228,
    "area": 102502658.3,
    "id": 381
  },
  {
    "GEN": "Jena",
    "EWZ": 111099,
    "EW_Dens": 967.472,
    "area": 114833104.9,
    "id": 380
  },
  {
    "GEN": "Gera",
    "EWZ": 94859,
    "EW_Dens": 622.711,
    "area": 152278412.7,
    "id": 379
  },
  {
    "GEN": "Erfurt",
    "EWZ": 212988,
    "EW_Dens": 787.907,
    "area": 270403761.2,
    "id": 378
  },
  {
    "GEN": "Wittenberg",
    "EWZ": 126815,
    "EW_Dens": 65.215,
    "area": 1943011238,
    "id": 377
  },
  {
    "GEN": "Stendal",
    "EWZ": 113186,
    "EW_Dens": 46.442,
    "area": 2436892320,
    "id": 376
  },
  {
    "GEN": "Salzlandkreis",
    "EWZ": 192739,
    "EW_Dens": 134.298,
    "area": 1435132047,
    "id": 375
  },
  {
    "GEN": "Saalekreis",
    "EWZ": 185494,
    "EW_Dens": 128.771,
    "area": 1440241895,
    "id": 374
  },
  {
    "GEN": "Mansfeld-Südharz",
    "EWZ": 138013,
    "EW_Dens": 94.781,
    "area": 1456325720,
    "id": 373
  },
  {
    "GEN": "Jerichower Land",
    "EWZ": 90465,
    "EW_Dens": 56.902,
    "area": 1589447163,
    "id": 372
  },
  {
    "GEN": "Harz",
    "EWZ": 216299,
    "EW_Dens": 102.647,
    "area": 2107942945,
    "id": 371
  },
  {
    "GEN": "Burgenlandkreis",
    "EWZ": 181968,
    "EW_Dens": 128.218,
    "area": 1418918438,
    "id": 370
  },
  {
    "GEN": "Börde",
    "EWZ": 172619,
    "EW_Dens": 72.629,
    "area": 2377109018,
    "id": 369
  },
  {
    "GEN": "Anhalt-Bitterfeld",
    "EWZ": 161264,
    "EW_Dens": 110.353,
    "area": 1460828658,
    "id": 368
  },
  {
    "GEN": "Altmarkkreis Salzwedel",
    "EWZ": 84457,
    "EW_Dens": 36.666,
    "area": 2303989448,
    "id": 367
  },
  {
    "GEN": "Magdeburg",
    "EWZ": 238478,
    "EW_Dens": 1189.053,
    "area": 200560611.6,
    "id": 366
  },
  {
    "GEN": "Halle (Saale)",
    "EWZ": 239173,
    "EW_Dens": 1761.761,
    "area": 135724786,
    "id": 365
  },
  {
    "GEN": "Dessau-Roßlau",
    "EWZ": 82111,
    "EW_Dens": 333.3,
    "area": 246255989.5,
    "id": 364
  },
  {
    "GEN": "Nordsachsen",
    "EWZ": 197794,
    "EW_Dens": 97.465,
    "area": 2027558462,
    "id": 363
  },
  {
    "GEN": "Leipzig",
    "EWZ": 258008,
    "EW_Dens": 156.113,
    "area": 1651456340,
    "id": 362
  },
  {
    "GEN": "Leipzig",
    "EWZ": 581980,
    "EW_Dens": 1944.953,
    "area": 299059049.5,
    "id": 361
  },
  {
    "GEN": "Sächsische Schweiz-Osterzgebirge",
    "EWZ": 245418,
    "EW_Dens": 148.096,
    "area": 1653702188,
    "id": 360
  },
  {
    "GEN": "Meißen",
    "EWZ": 242862,
    "EW_Dens": 166.337,
    "area": 1457712116,
    "id": 359
  },
  {
    "GEN": "Görlitz",
    "EWZ": 256587,
    "EW_Dens": 121.151,
    "area": 2111238663,
    "id": 358
  },
  {
    "GEN": "Bautzen",
    "EWZ": 302634,
    "EW_Dens": 126.019,
    "area": 2395564926,
    "id": 357
  },
  {
    "GEN": "Dresden",
    "EWZ": 551072,
    "EW_Dens": 1677.157,
    "area": 327932405.7,
    "id": 356
  },
  {
    "GEN": "Zwickau",
    "EWZ": 319988,
    "EW_Dens": 336.712,
    "area": 949647860.8,
    "id": 355
  },
  {
    "GEN": "Vogtlandkreis",
    "EWZ": 229584,
    "EW_Dens": 162.475,
    "area": 1412334510,
    "id": 354
  },
  {
    "GEN": "Mittelsachsen",
    "EWZ": 308153,
    "EW_Dens": 145.555,
    "area": 2114375310,
    "id": 353
  },
  {
    "GEN": "Erzgebirgskreis",
    "EWZ": 340373,
    "EW_Dens": 186.089,
    "area": 1827042653,
    "id": 352
  },
  {
    "GEN": "Chemnitz",
    "EWZ": 246855,
    "EW_Dens": 1114.997,
    "area": 221159662.2,
    "id": 351
  },
  {
    "GEN": "Ludwigslust-Parchim",
    "EWZ": 212522,
    "EW_Dens": 44.581,
    "area": 4767473241,
    "id": 350
  },
  {
    "GEN": "Vorpommern-Greifswald",
    "EWZ": 237066,
    "EW_Dens": 62.382,
    "area": 3793951741,
    "id": 349
  },
  {
    "GEN": "Nordwestmecklenburg",
    "EWZ": 156993,
    "EW_Dens": 73.909,
    "area": 2124678717,
    "id": 348
  },
  {
    "GEN": "Vorpommern-Rügen",
    "EWZ": 225123,
    "EW_Dens": 71.111,
    "area": 3163045477,
    "id": 347
  },
  {
    "GEN": "Rostock",
    "EWZ": 214635,
    "EW_Dens": 62.575,
    "area": 3429008706,
    "id": 346
  },
  {
    "GEN": "Mecklenburgische Seenplatte",
    "EWZ": 260574,
    "EW_Dens": 47.372,
    "area": 5495404451,
    "id": 345
  },
  {
    "GEN": "Schwerin",
    "EWZ": 95797,
    "EW_Dens": 736.672,
    "area": 130062869.5,
    "id": 344
  },
  {
    "GEN": "Rostock",
    "EWZ": 208409,
    "EW_Dens": 1230.305,
    "area": 169356773.3,
    "id": 343
  },
  {
    "GEN": "Uckermark",
    "EWZ": 120349,
    "EW_Dens": 39.056,
    "area": 3075953067,
    "id": 342
  },
  {
    "GEN": "Teltow-Fläming",
    "EWZ": 166890,
    "EW_Dens": 79.217,
    "area": 2103985627,
    "id": 341
  },
  {
    "GEN": "Spree-Neiße",
    "EWZ": 115456,
    "EW_Dens": 69.489,
    "area": 1657104284,
    "id": 340
  },
  {
    "GEN": "Prignitz",
    "EWZ": 77263,
    "EW_Dens": 36.118,
    "area": 2138824760,
    "id": 339
  },
  {
    "GEN": "Potsdam-Mittelmark",
    "EWZ": 213214,
    "EW_Dens": 82.161,
    "area": 2593081757,
    "id": 338
  },
  {
    "GEN": "Ostprignitz-Ruppin",
    "EWZ": 99368,
    "EW_Dens": 39.313,
    "area": 2525941625,
    "id": 337
  },
  {
    "GEN": "Oder-Spree",
    "EWZ": 178347,
    "EW_Dens": 78.827,
    "area": 2257259994,
    "id": 336
  },
  {
    "GEN": "Oberspreewald-Lausitz",
    "EWZ": 111122,
    "EW_Dens": 90.673,
    "area": 1222989358,
    "id": 335
  },
  {
    "GEN": "Oberhavel",
    "EWZ": 209893,
    "EW_Dens": 115.956,
    "area": 1808002331,
    "id": 334
  },
  {
    "GEN": "Märkisch-Oderland",
    "EWZ": 192921,
    "EW_Dens": 89.216,
    "area": 2157678584,
    "id": 333
  },
  {
    "GEN": "Havelland",
    "EWZ": 160710,
    "EW_Dens": 92.966,
    "area": 1727508201,
    "id": 332
  },
  {
    "GEN": "Elbe-Elster",
    "EWZ": 103455,
    "EW_Dens": 54.358,
    "area": 1900262169,
    "id": 331
  },
  {
    "GEN": "Dahme-Spreewald",
    "EWZ": 167319,
    "EW_Dens": 73.384,
    "area": 2275759923,
    "id": 330
  },
  {
    "GEN": "Barnim",
    "EWZ": 180864,
    "EW_Dens": 121.932,
    "area": 1480850272,
    "id": 329
  },
  {
    "GEN": "Potsdam",
    "EWZ": 175710,
    "EW_Dens": 938.799,
    "area": 186969761.2,
    "id": 328
  },
  {
    "GEN": "Frankfurt (Oder)",
    "EWZ": 58237,
    "EW_Dens": 393.198,
    "area": 147721495,
    "id": 327
  },
  {
    "GEN": "Cottbus",
    "EWZ": 101036,
    "EW_Dens": 610.382,
    "area": 165105223.8,
    "id": 326
  },
  {
    "GEN": "Brandenburg an der Havel",
    "EWZ": 71886,
    "EW_Dens": 313.285,
    "area": 229319642.6,
    "id": 325
  },
  {
    "GEN": "Berlin",
    "EWZ": 3613495,
    "EW_Dens": 4046.259,
    "area": 891802755.7,
    "id": 324
  },
  {
    "GEN": "St. Wendel",
    "EWZ": 87867,
    "EW_Dens": 184.492,
    "area": 476424473,
    "id": 323
  },
  {
    "GEN": "Saarpfalz-Kreis",
    "EWZ": 143402,
    "EW_Dens": 342.33,
    "area": 419066259.2,
    "id": 322
  },
  {
    "GEN": "Saarlouis",
    "EWZ": 195815,
    "EW_Dens": 426.618,
    "area": 459065842.5,
    "id": 321
  },
  {
    "GEN": "Neunkirchen",
    "EWZ": 133297,
    "EW_Dens": 537.319,
    "area": 248162263.8,
    "id": 320
  },
  {
    "GEN": "Merzig-Wadern",
    "EWZ": 103656,
    "EW_Dens": 186.221,
    "area": 556687561.1,
    "id": 319
  },
  {
    "GEN": "Regionalverband Saarbrücken",
    "EWZ": 330150,
    "EW_Dens": 802.42,
    "area": 411548294.6,
    "id": 318
  },
  {
    "GEN": "Oberallgäu",
    "EWZ": 154568,
    "EW_Dens": 101.19,
    "area": 1528384601,
    "id": 317
  },
  {
    "GEN": "Donau-Ries",
    "EWZ": 133043,
    "EW_Dens": 104.445,
    "area": 1274327707,
    "id": 316
  },
  {
    "GEN": "Unterallgäu",
    "EWZ": 142544,
    "EW_Dens": 115.965,
    "area": 1229853868,
    "id": 315
  },
  {
    "GEN": "Ostallgäu",
    "EWZ": 139278,
    "EW_Dens": 100.011,
    "area": 1393226051,
    "id": 314
  },
  {
    "GEN": "Lindau (Bodensee)",
    "EWZ": 81148,
    "EW_Dens": 251.259,
    "area": 323188008.3,
    "id": 313
  },
  {
    "GEN": "Neu-Ulm",
    "EWZ": 172546,
    "EW_Dens": 334.795,
    "area": 515699258,
    "id": 312
  },
  {
    "GEN": "Günzburg",
    "EWZ": 124519,
    "EW_Dens": 163.178,
    "area": 763499497.6,
    "id": 311
  },
  {
    "GEN": "Dillingen a.d. Donau",
    "EWZ": 95159,
    "EW_Dens": 120.287,
    "area": 791482171.1,
    "id": 310
  },
  {
    "GEN": "Augsburg",
    "EWZ": 249838,
    "EW_Dens": 233.25,
    "area": 1071539491,
    "id": 309
  },
  {
    "GEN": "Aichach-Friedberg",
    "EWZ": 132596,
    "EW_Dens": 170.073,
    "area": 779821256.7,
    "id": 308
  },
  {
    "GEN": "Memmingen",
    "EWZ": 43470,
    "EW_Dens": 622.697,
    "area": 69852131.8,
    "id": 307
  },
  {
    "GEN": "Kempten (Allgäu)",
    "EWZ": 68330,
    "EW_Dens": 1080.882,
    "area": 63252562.29,
    "id": 306
  },
  {
    "GEN": "Kaufbeuren",
    "EWZ": 43478,
    "EW_Dens": 1075.28,
    "area": 40451973.2,
    "id": 305
  },
  {
    "GEN": "Augsburg",
    "EWZ": 292851,
    "EW_Dens": 2000.289,
    "area": 146451217.5,
    "id": 304
  },
  {
    "GEN": "Würzburg",
    "EWZ": 161340,
    "EW_Dens": 166.944,
    "area": 967095261.8,
    "id": 303
  },
  {
    "GEN": "Schweinfurt",
    "EWZ": 115105,
    "EW_Dens": 136.876,
    "area": 841448211.3,
    "id": 302
  },
  {
    "GEN": "Main-Spessart",
    "EWZ": 126523,
    "EW_Dens": 95.785,
    "area": 1321886532,
    "id": 301
  },
  {
    "GEN": "Miltenberg",
    "EWZ": 128484,
    "EW_Dens": 179.796,
    "area": 715175552.7,
    "id": 300
  },
  {
    "GEN": "Kitzingen",
    "EWZ": 90429,
    "EW_Dens": 132.305,
    "area": 683898589.6,
    "id": 299
  },
  {
    "GEN": "Haßberge",
    "EWZ": 84464,
    "EW_Dens": 88.348,
    "area": 956485683.2,
    "id": 298
  },
  {
    "GEN": "Rhön-Grabfeld",
    "EWZ": 79796,
    "EW_Dens": 78.154,
    "area": 1021626003,
    "id": 297
  },
  {
    "GEN": "Bad Kissingen",
    "EWZ": 103265,
    "EW_Dens": 90.824,
    "area": 1137752580,
    "id": 296
  },
  {
    "GEN": "Aschaffenburg",
    "EWZ": 173969,
    "EW_Dens": 249.03,
    "area": 699139075.1,
    "id": 295
  },
  {
    "GEN": "Würzburg",
    "EWZ": 126635,
    "EW_Dens": 1443.71,
    "area": 87775310.77,
    "id": 294
  },
  {
    "GEN": "Schweinfurt",
    "EWZ": 53437,
    "EW_Dens": 1506.504,
    "area": 35492595.48,
    "id": 293
  },
  {
    "GEN": "Aschaffenburg",
    "EWZ": 69928,
    "EW_Dens": 1129.553,
    "area": 61957063.22,
    "id": 292
  },
  {
    "GEN": "Weißenburg-Gunzenhausen",
    "EWZ": 94208,
    "EW_Dens": 97.117,
    "area": 970365513.9,
    "id": 291
  },
  {
    "GEN": "Roth",
    "EWZ": 126101,
    "EW_Dens": 140.909,
    "area": 895096740.9,
    "id": 290
  },
  {
    "GEN": "Neustadt a.d. Aisch-Bad Windsheim",
    "EWZ": 99641,
    "EW_Dens": 78.633,
    "area": 1267826660,
    "id": 289
  },
  {
    "GEN": "Nürnberger Land",
    "EWZ": 169752,
    "EW_Dens": 212.804,
    "area": 797751881.1,
    "id": 288
  },
  {
    "GEN": "Fürth",
    "EWZ": 116193,
    "EW_Dens": 378.415,
    "area": 307161300.6,
    "id": 287
  },
  {
    "GEN": "Erlangen-Höchstadt",
    "EWZ": 135334,
    "EW_Dens": 239.814,
    "area": 564513154.3,
    "id": 286
  },
  {
    "GEN": "Ansbach",
    "EWZ": 183256,
    "EW_Dens": 92.937,
    "area": 1972844057,
    "id": 285
  },
  {
    "GEN": "Schwabach",
    "EWZ": 40781,
    "EW_Dens": 1002.003,
    "area": 40710438.73,
    "id": 284
  },
  {
    "GEN": "Nürnberg",
    "EWZ": 515201,
    "EW_Dens": 2745.544,
    "area": 187694845.2,
    "id": 283
  },
  {
    "GEN": "Fürth",
    "EWZ": 126526,
    "EW_Dens": 1999.288,
    "area": 63304665.3,
    "id": 282
  },
  {
    "GEN": "Erlangen",
    "EWZ": 110998,
    "EW_Dens": 1423.46,
    "area": 78000837.88,
    "id": 281
  },
  {
    "GEN": "Ansbach",
    "EWZ": 41652,
    "EW_Dens": 417.493,
    "area": 99815192.03,
    "id": 280
  },
  {
    "GEN": "Wunsiedel i. Fichtelgebirge",
    "EWZ": 73485,
    "EW_Dens": 121.18,
    "area": 606189176.8,
    "id": 279
  },
  {
    "GEN": "Lichtenfels",
    "EWZ": 66777,
    "EW_Dens": 128.509,
    "area": 519750043.3,
    "id": 278
  },
  {
    "GEN": "Kulmbach",
    "EWZ": 72012,
    "EW_Dens": 109.439,
    "area": 658028589,
    "id": 277
  },
  {
    "GEN": "Kronach",
    "EWZ": 67474,
    "EW_Dens": 103.579,
    "area": 651492298.8,
    "id": 276
  },
  {
    "GEN": "Hof",
    "EWZ": 95773,
    "EW_Dens": 107.169,
    "area": 893492792.8,
    "id": 275
  },
  {
    "GEN": "Forchheim",
    "EWZ": 115681,
    "EW_Dens": 179.97,
    "area": 642904864.5,
    "id": 274
  },
  {
    "GEN": "Coburg",
    "EWZ": 86885,
    "EW_Dens": 147.081,
    "area": 590924384.1,
    "id": 273
  },
  {
    "GEN": "Bayreuth",
    "EWZ": 103805,
    "EW_Dens": 81.508,
    "area": 1273517872,
    "id": 272
  },
  {
    "GEN": "Bamberg",
    "EWZ": 146584,
    "EW_Dens": 125.653,
    "area": 1166985560,
    "id": 271
  },
  {
    "GEN": "Hof",
    "EWZ": 45950,
    "EW_Dens": 789.125,
    "area": 58214764.59,
    "id": 270
  },
  {
    "GEN": "Coburg",
    "EWZ": 41236,
    "EW_Dens": 856.689,
    "area": 48149499.52,
    "id": 269
  },
  {
    "GEN": "Bayreuth",
    "EWZ": 73999,
    "EW_Dens": 1104.435,
    "area": 66998622.46,
    "id": 268
  },
  {
    "GEN": "Bamberg",
    "EWZ": 77179,
    "EW_Dens": 1404.411,
    "area": 54973551.31,
    "id": 267
  },
  {
    "GEN": "Tirschenreuth",
    "EWZ": 72730,
    "EW_Dens": 67.027,
    "area": 1084542458,
    "id": 266
  },
  {
    "GEN": "Schwandorf",
    "EWZ": 146487,
    "EW_Dens": 100.393,
    "area": 1458305206,
    "id": 265
  },
  {
    "GEN": "Regensburg",
    "EWZ": 192200,
    "EW_Dens": 137.899,
    "area": 1393097547,
    "id": 264
  },
  {
    "GEN": "Neustadt a.d. Waldnaab",
    "EWZ": 94486,
    "EW_Dens": 66.129,
    "area": 1428183262,
    "id": 263
  },
  {
    "GEN": "Neumarkt i.d. OPf.",
    "EWZ": 132644,
    "EW_Dens": 98.643,
    "area": 1344604041,
    "id": 262
  },
  {
    "GEN": "Cham",
    "EWZ": 127339,
    "EW_Dens": 83.308,
    "area": 1527024187,
    "id": 261
  },
  {
    "GEN": "Amberg-Sulzbach",
    "EWZ": 102836,
    "EW_Dens": 81.922,
    "area": 1255016931,
    "id": 260
  },
  {
    "GEN": "Weiden i.d. OPf.",
    "EWZ": 42543,
    "EW_Dens": 602.365,
    "area": 70593243.06,
    "id": 259
  },
  {
    "GEN": "Regensburg",
    "EWZ": 150894,
    "EW_Dens": 1892.996,
    "area": 79674015.02,
    "id": 258
  },
  {
    "GEN": "Amberg",
    "EWZ": 42248,
    "EW_Dens": 837.445,
    "area": 50436319.69,
    "id": 257
  },
  {
    "GEN": "Dingolfing-Landau",
    "EWZ": 95831,
    "EW_Dens": 109.113,
    "area": 877447201.7,
    "id": 256
  },
  {
    "GEN": "Straubing-Bogen",
    "EWZ": 99838,
    "EW_Dens": 83.054,
    "area": 1201004599,
    "id": 255
  },
  {
    "GEN": "Rottal-Inn",
    "EWZ": 120371,
    "EW_Dens": 93.852,
    "area": 1280999602,
    "id": 254
  },
  {
    "GEN": "Regen",
    "EWZ": 77489,
    "EW_Dens": 79.375,
    "area": 974861376.2,
    "id": 253
  },
  {
    "GEN": "Passau",
    "EWZ": 190504,
    "EW_Dens": 124.291,
    "area": 1530046161,
    "id": 252
  },
  {
    "GEN": "Landshut",
    "EWZ": 157239,
    "EW_Dens": 116.627,
    "area": 1347457386,
    "id": 251
  },
  {
    "GEN": "Kelheim",
    "EWZ": 121119,
    "EW_Dens": 113.723,
    "area": 1064733091,
    "id": 250
  },
  {
    "GEN": "Freyung-Grafenau",
    "EWZ": 78345,
    "EW_Dens": 79.473,
    "area": 983941244.6,
    "id": 249
  },
  {
    "GEN": "Deggendorf",
    "EWZ": 118741,
    "EW_Dens": 137.696,
    "area": 861202459.2,
    "id": 248
  },
  {
    "GEN": "Straubing",
    "EWZ": 47586,
    "EW_Dens": 702.982,
    "area": 67631592.78,
    "id": 247
  },
  {
    "GEN": "Passau",
    "EWZ": 51781,
    "EW_Dens": 736.092,
    "area": 70219017.7,
    "id": 246
  },
  {
    "GEN": "Landshut",
    "EWZ": 71193,
    "EW_Dens": 1075.513,
    "area": 66158790.58,
    "id": 245
  },
  {
    "GEN": "Weilheim-Schongau",
    "EWZ": 134252,
    "EW_Dens": 138.806,
    "area": 967401995.2,
    "id": 244
  },
  {
    "GEN": "Traunstein",
    "EWZ": 176290,
    "EW_Dens": 114.89,
    "area": 1532950352,
    "id": 243
  },
  {
    "GEN": "Starnberg",
    "EWZ": 135545,
    "EW_Dens": 278.442,
    "area": 486840824.7,
    "id": 242
  },
  {
    "GEN": "Rosenheim",
    "EWZ": 259449,
    "EW_Dens": 179.995,
    "area": 1440592155,
    "id": 241
  },
  {
    "GEN": "Pfaffenhofen a.d. Ilm",
    "EWZ": 126244,
    "EW_Dens": 165.943,
    "area": 760725655.5,
    "id": 240
  },
  {
    "GEN": "Neuburg-Schrobenhausen",
    "EWZ": 96164,
    "EW_Dens": 129.963,
    "area": 740046224.8,
    "id": 239
  },
  {
    "GEN": "München",
    "EWZ": 346433,
    "EW_Dens": 521.627,
    "area": 664041842,
    "id": 238
  },
  {
    "GEN": "Mühldorf a. Inn",
    "EWZ": 114486,
    "EW_Dens": 142.082,
    "area": 805169238.4,
    "id": 237
  },
  {
    "GEN": "Miesbach",
    "EWZ": 99189,
    "EW_Dens": 114.399,
    "area": 866788265.4,
    "id": 236
  },
  {
    "GEN": "Landsberg am Lech",
    "EWZ": 119141,
    "EW_Dens": 148.295,
    "area": 803629181.8,
    "id": 235
  },
  {
    "GEN": "Garmisch-Partenkirchen",
    "EWZ": 88155,
    "EW_Dens": 87.132,
    "area": 1011904283,
    "id": 234
  },
  {
    "GEN": "Fürstenfeldbruck",
    "EWZ": 217831,
    "EW_Dens": 501.228,
    "area": 434655920.4,
    "id": 233
  },
  {
    "GEN": "Freising",
    "EWZ": 177997,
    "EW_Dens": 222.893,
    "area": 798405847.9,
    "id": 232
  },
  {
    "GEN": "Erding",
    "EWZ": 136884,
    "EW_Dens": 157.122,
    "area": 870830631,
    "id": 231
  },
  {
    "GEN": "Eichstätt",
    "EWZ": 131646,
    "EW_Dens": 108.401,
    "area": 1214497857,
    "id": 230
  },
  {
    "GEN": "Ebersberg",
    "EWZ": 140800,
    "EW_Dens": 255.983,
    "area": 549839987.5,
    "id": 229
  },
  {
    "GEN": "Dachau",
    "EWZ": 152703,
    "EW_Dens": 263.505,
    "area": 579535905.2,
    "id": 228
  },
  {
    "GEN": "Bad Tölz-Wolfratshausen",
    "EWZ": 126572,
    "EW_Dens": 113.849,
    "area": 1111692597,
    "id": 227
  },
  {
    "GEN": "Berchtesgadener Land",
    "EWZ": 105052,
    "EW_Dens": 124.926,
    "area": 839814089,
    "id": 226
  },
  {
    "GEN": "Altötting",
    "EWZ": 110338,
    "EW_Dens": 193.583,
    "area": 569372196.9,
    "id": 225
  },
  {
    "GEN": "Rosenheim",
    "EWZ": 63080,
    "EW_Dens": 1723.11,
    "area": 36588865.09,
    "id": 224
  },
  {
    "GEN": "München",
    "EWZ": 1456039,
    "EW_Dens": 4675.239,
    "area": 311410446.9,
    "id": 223
  },
  {
    "GEN": "Ingolstadt",
    "EWZ": 135244,
    "EW_Dens": 1012.811,
    "area": 133538457.4,
    "id": 222
  },
  {
    "GEN": "Sigmaringen",
    "EWZ": 130192,
    "EW_Dens": 108.169,
    "area": 1204547660,
    "id": 221
  },
  {
    "GEN": "Ravensburg",
    "EWZ": 283264,
    "EW_Dens": 173.685,
    "area": 1632069660,
    "id": 220
  },
  {
    "GEN": "Bodenseekreis",
    "EWZ": 214655,
    "EW_Dens": 322.894,
    "area": 665300598.4,
    "id": 219
  },
  {
    "GEN": "Biberach",
    "EWZ": 198265,
    "EW_Dens": 140.727,
    "area": 1409863251,
    "id": 218
  },
  {
    "GEN": "Alb-Donau-Kreis",
    "EWZ": 194629,
    "EW_Dens": 143.494,
    "area": 1357315161,
    "id": 217
  },
  {
    "GEN": "Ulm",
    "EWZ": 125596,
    "EW_Dens": 1053.243,
    "area": 119327847.5,
    "id": 216
  },
  {
    "GEN": "Zollernalbkreis",
    "EWZ": 188170,
    "EW_Dens": 205.33,
    "area": 917159628.6,
    "id": 215
  },
  {
    "GEN": "Tübingen",
    "EWZ": 225755,
    "EW_Dens": 434.438,
    "area": 520063978.9,
    "id": 214
  },
  {
    "GEN": "Reutlingen",
    "EWZ": 285754,
    "EW_Dens": 261.831,
    "area": 1092220364,
    "id": 213
  },
  {
    "GEN": "Waldshut",
    "EWZ": 170198,
    "EW_Dens": 150.596,
    "area": 1130966653,
    "id": 212
  },
  {
    "GEN": "Lörrach",
    "EWZ": 228314,
    "EW_Dens": 282.994,
    "area": 807255141.6,
    "id": 211
  },
  {
    "GEN": "Konstanz",
    "EWZ": 284015,
    "EW_Dens": 347.762,
    "area": 817344697.2,
    "id": 210
  },
  {
    "GEN": "Tuttlingen",
    "EWZ": 139397,
    "EW_Dens": 190.071,
    "area": 733977009.4,
    "id": 209
  },
  {
    "GEN": "Schwarzwald-Baar-Kreis",
    "EWZ": 211207,
    "EW_Dens": 206.005,
    "area": 1026020904,
    "id": 208
  },
  {
    "GEN": "Rottweil",
    "EWZ": 138858,
    "EW_Dens": 180.567,
    "area": 769603597.5,
    "id": 207
  },
  {
    "GEN": "Ortenaukreis",
    "EWZ": 425932,
    "EW_Dens": 229.189,
    "area": 1859669689,
    "id": 206
  },
  {
    "GEN": "Emmendingen",
    "EWZ": 164712,
    "EW_Dens": 242.227,
    "area": 680418665.4,
    "id": 205
  },
  {
    "GEN": "Breisgau-Hochschwarzwald",
    "EWZ": 262405,
    "EW_Dens": 190.693,
    "area": 1376934073,
    "id": 204
  },
  {
    "GEN": "Freiburg im Breisgau",
    "EWZ": 229636,
    "EW_Dens": 1490.11,
    "area": 154200509.7,
    "id": 203
  },
  {
    "GEN": "Freudenstadt",
    "EWZ": 117456,
    "EW_Dens": 134.936,
    "area": 871120309.7,
    "id": 202
  },
  {
    "GEN": "Enzkreis",
    "EWZ": 198369,
    "EW_Dens": 346.277,
    "area": 573314914.2,
    "id": 201
  },
  {
    "GEN": "Calw",
    "EWZ": 157424,
    "EW_Dens": 197.596,
    "area": 797319669.9,
    "id": 200
  },
  {
    "GEN": "Pforzheim",
    "EWZ": 124289,
    "EW_Dens": 1266.7,
    "area": 98197712.34,
    "id": 199
  },
  {
    "GEN": "Rhein-Neckar-Kreis",
    "EWZ": 546745,
    "EW_Dens": 515.888,
    "area": 1060650467,
    "id": 198
  },
  {
    "GEN": "Neckar-Odenwald-Kreis",
    "EWZ": 143376,
    "EW_Dens": 127.495,
    "area": 1125446447,
    "id": 197
  },
  {
    "GEN": "Mannheim",
    "EWZ": 307997,
    "EW_Dens": 2124.32,
    "area": 145097802.5,
    "id": 196
  },
  {
    "GEN": "Heidelberg",
    "EWZ": 160601,
    "EW_Dens": 1470.647,
    "area": 109290320.3,
    "id": 195
  },
  {
    "GEN": "Rastatt",
    "EWZ": 230216,
    "EW_Dens": 311.913,
    "area": 738611280.5,
    "id": 194
  },
  {
    "GEN": "Karlsruhe",
    "EWZ": 442673,
    "EW_Dens": 408.501,
    "area": 1084490291,
    "id": 193
  },
  {
    "GEN": "Karlsruhe",
    "EWZ": 311919,
    "EW_Dens": 1794.47,
    "area": 173953556.6,
    "id": 192
  },
  {
    "GEN": "Baden-Baden",
    "EWZ": 54718,
    "EW_Dens": 391.138,
    "area": 139995095.5,
    "id": 191
  },
  {
    "GEN": "Ostalbkreis",
    "EWZ": 312422,
    "EW_Dens": 206.973,
    "area": 1510442275,
    "id": 190
  },
  {
    "GEN": "Heidenheim",
    "EWZ": 132006,
    "EW_Dens": 210.529,
    "area": 627405084.7,
    "id": 189
  },
  {
    "GEN": "Main-Tauber-Kreis",
    "EWZ": 132189,
    "EW_Dens": 101.369,
    "area": 1304986731,
    "id": 188
  },
  {
    "GEN": "Schwäbisch Hall",
    "EWZ": 194203,
    "EW_Dens": 130.947,
    "area": 1484087346,
    "id": 187
  },
  {
    "GEN": "Hohenlohekreis",
    "EWZ": 111392,
    "EW_Dens": 143.448,
    "area": 777114318.9,
    "id": 186
  },
  {
    "GEN": "Heilbronn",
    "EWZ": 340772,
    "EW_Dens": 310.359,
    "area": 1098864009,
    "id": 185
  },
  {
    "GEN": "Heilbronn",
    "EWZ": 125113,
    "EW_Dens": 1244.403,
    "area": 100620579,
    "id": 184
  },
  {
    "GEN": "Rems-Murr-Kreis",
    "EWZ": 424878,
    "EW_Dens": 495.956,
    "area": 857341284.9,
    "id": 183
  },
  {
    "GEN": "Ludwigsburg",
    "EWZ": 542630,
    "EW_Dens": 790.787,
    "area": 686736507.5,
    "id": 182
  },
  {
    "GEN": "Göppingen",
    "EWZ": 256345,
    "EW_Dens": 399.199,
    "area": 642616732.4,
    "id": 181
  },
  {
    "GEN": "Esslingen",
    "EWZ": 532447,
    "EW_Dens": 832.86,
    "area": 639798239.4,
    "id": 180
  },
  {
    "GEN": "Böblingen",
    "EWZ": 389548,
    "EW_Dens": 631.637,
    "area": 617220446,
    "id": 179
  },
  {
    "GEN": "Stuttgart",
    "EWZ": 632743,
    "EW_Dens": 3018.531,
    "area": 209786452.3,
    "id": 178
  },
  {
    "GEN": "Südwestpfalz",
    "EWZ": 95474,
    "EW_Dens": 100.11,
    "area": 954226082.9,
    "id": 177
  },
  {
    "GEN": "Mainz-Bingen",
    "EWZ": 209785,
    "EW_Dens": 346.6,
    "area": 605681557.1,
    "id": 176
  },
  {
    "GEN": "Rhein-Pfalz-Kreis",
    "EWZ": 153629,
    "EW_Dens": 504.769,
    "area": 304582206.4,
    "id": 175
  },
  {
    "GEN": "Südliche Weinstraße",
    "EWZ": 110622,
    "EW_Dens": 173.082,
    "area": 639564722.3,
    "id": 174
  },
  {
    "GEN": "Kusel",
    "EWZ": 70764,
    "EW_Dens": 123.557,
    "area": 573007409.1,
    "id": 173
  },
  {
    "GEN": "Kaiserslautern",
    "EWZ": 105649,
    "EW_Dens": 164.968,
    "area": 640786948.9,
    "id": 172
  },
  {
    "GEN": "Germersheim",
    "EWZ": 128477,
    "EW_Dens": 277.443,
    "area": 463410911.3,
    "id": 171
  },
  {
    "GEN": "Donnersbergkreis",
    "EWZ": 75102,
    "EW_Dens": 116.576,
    "area": 644647304.6,
    "id": 170
  },
  {
    "GEN": "Bad Dürkheim",
    "EWZ": 132739,
    "EW_Dens": 223.638,
    "area": 593956875.3,
    "id": 169
  },
  {
    "GEN": "Alzey-Worms",
    "EWZ": 128519,
    "EW_Dens": 218.724,
    "area": 588000564.9,
    "id": 168
  },
  {
    "GEN": "Zweibrücken",
    "EWZ": 34270,
    "EW_Dens": 483.744,
    "area": 70875253.39,
    "id": 167
  },
  {
    "GEN": "Worms",
    "EWZ": 83081,
    "EW_Dens": 764.466,
    "area": 108758967,
    "id": 166
  },
  {
    "GEN": "Speyer",
    "EWZ": 50931,
    "EW_Dens": 1189.92,
    "area": 42834566.96,
    "id": 165
  },
  {
    "GEN": "Pirmasens",
    "EWZ": 40632,
    "EW_Dens": 661.197,
    "area": 61485509.49,
    "id": 164
  },
  {
    "GEN": "Neustadt an der Weinstraße",
    "EWZ": 53353,
    "EW_Dens": 455.053,
    "area": 117328442,
    "id": 163
  },
  {
    "GEN": "Mainz",
    "EWZ": 215110,
    "EW_Dens": 2204.241,
    "area": 97660137.37,
    "id": 162
  },
  {
    "GEN": "Ludwigshafen am Rhein",
    "EWZ": 168497,
    "EW_Dens": 2165.119,
    "area": 77881656.18,
    "id": 161
  },
  {
    "GEN": "Landau in der Pfalz",
    "EWZ": 46292,
    "EW_Dens": 558.247,
    "area": 82980357.52,
    "id": 160
  },
  {
    "GEN": "Kaiserslautern",
    "EWZ": 99684,
    "EW_Dens": 711.436,
    "area": 140200866.7,
    "id": 159
  },
  {
    "GEN": "Frankenthal (Pfalz)",
    "EWZ": 48417,
    "EW_Dens": 1108.146,
    "area": 43724569.01,
    "id": 158
  },
  {
    "GEN": "Trier-Saarburg",
    "EWZ": 148532,
    "EW_Dens": 134.381,
    "area": 1105437151,
    "id": 157
  },
  {
    "GEN": "Vulkaneifel",
    "EWZ": 60705,
    "EW_Dens": 66.601,
    "area": 911616386.2,
    "id": 156
  },
  {
    "GEN": "Eifelkreis Bitburg-Prüm",
    "EWZ": 98213,
    "EW_Dens": 60.325,
    "area": 1627987556,
    "id": 155
  },
  {
    "GEN": "Bernkastel-Wittlich",
    "EWZ": 112134,
    "EW_Dens": 95.975,
    "area": 1168687435,
    "id": 154
  },
  {
    "GEN": "Trier",
    "EWZ": 110013,
    "EW_Dens": 952.367,
    "area": 115526992.4,
    "id": 153
  },
  {
    "GEN": "Westerwaldkreis",
    "EWZ": 201039,
    "EW_Dens": 203.158,
    "area": 990200700,
    "id": 152
  },
  {
    "GEN": "Rhein-Lahn-Kreis",
    "EWZ": 122381,
    "EW_Dens": 156.685,
    "area": 781556446.6,
    "id": 151
  },
  {
    "GEN": "Rhein-Hunsrück-Kreis",
    "EWZ": 102938,
    "EW_Dens": 103.91,
    "area": 991159878.6,
    "id": 150
  },
  {
    "GEN": "Neuwied",
    "EWZ": 181655,
    "EW_Dens": 289.533,
    "area": 627726332.2,
    "id": 149
  },
  {
    "GEN": "Mayen-Koblenz",
    "EWZ": 213554,
    "EW_Dens": 261.648,
    "area": 816556422.7,
    "id": 148
  },
  {
    "GEN": "Cochem-Zell",
    "EWZ": 61662,
    "EW_Dens": 89.001,
    "area": 693087990,
    "id": 147
  },
  {
    "GEN": "Birkenfeld",
    "EWZ": 80728,
    "EW_Dens": 103.916,
    "area": 777181158,
    "id": 146
  },
  {
    "GEN": "Bad Kreuznach",
    "EWZ": 157549,
    "EW_Dens": 182.435,
    "area": 864087519.8,
    "id": 145
  },
  {
    "GEN": "Altenkirchen (Westerwald)",
    "EWZ": 128791,
    "EW_Dens": 200.991,
    "area": 641166744.9,
    "id": 144
  },
  {
    "GEN": "Ahrweiler",
    "EWZ": 128914,
    "EW_Dens": 163.861,
    "area": 786985059,
    "id": 143
  },
  {
    "GEN": "Koblenz",
    "EWZ": 113844,
    "EW_Dens": 1074.957,
    "area": 105963635.8,
    "id": 142
  },
  {
    "GEN": "Werra-Meißner-Kreis",
    "EWZ": 101101,
    "EW_Dens": 98.749,
    "area": 1024530345,
    "id": 141
  },
  {
    "GEN": "Waldeck-Frankenberg",
    "EWZ": 157256,
    "EW_Dens": 85.171,
    "area": 1847826063,
    "id": 140
  },
  {
    "GEN": "Schwalm-Eder-Kreis",
    "EWZ": 180754,
    "EW_Dens": 117.5,
    "area": 1539531108,
    "id": 139
  },
  {
    "GEN": "Kassel",
    "EWZ": 236674,
    "EW_Dens": 182.86,
    "area": 1295296586,
    "id": 138
  },
  {
    "GEN": "Hersfeld-Rotenburg",
    "EWZ": 121101,
    "EW_Dens": 110.382,
    "area": 1097911778,
    "id": 137
  },
  {
    "GEN": "Fulda",
    "EWZ": 221783,
    "EW_Dens": 160.651,
    "area": 1381533261,
    "id": 136
  },
  {
    "GEN": "Kassel",
    "EWZ": 200736,
    "EW_Dens": 1923.032,
    "area": 104466086.3,
    "id": 135
  },
  {
    "GEN": "Vogelsbergkreis",
    "EWZ": 106451,
    "EW_Dens": 73.057,
    "area": 1458244350,
    "id": 134
  },
  {
    "GEN": "Marburg-Biedenkopf",
    "EWZ": 246165,
    "EW_Dens": 195.206,
    "area": 1262048482,
    "id": 133
  },
  {
    "GEN": "Limburg-Weilburg",
    "EWZ": 171971,
    "EW_Dens": 232.838,
    "area": 739119155.4,
    "id": 132
  },
  {
    "GEN": "Lahn-Dill-Kreis",
    "EWZ": 254164,
    "EW_Dens": 238.772,
    "area": 1065259648,
    "id": 131
  },
  {
    "GEN": "Gießen",
    "EWZ": 267056,
    "EW_Dens": 312.453,
    "area": 855384991.7,
    "id": 130
  },
  {
    "GEN": "Wetteraukreis",
    "EWZ": 305312,
    "EW_Dens": 277.572,
    "area": 1100810669,
    "id": 129
  },
  {
    "GEN": "Rheingau-Taunus-Kreis",
    "EWZ": 186602,
    "EW_Dens": 229.976,
    "area": 811959627.3,
    "id": 128
  },
  {
    "GEN": "Offenbach",
    "EWZ": 351692,
    "EW_Dens": 988.442,
    "area": 356086833.9,
    "id": 127
  },
  {
    "GEN": "Odenwaldkreis",
    "EWZ": 96597,
    "EW_Dens": 154.7,
    "area": 624912621,
    "id": 126
  },
  {
    "GEN": "Main-Taunus-Kreis",
    "EWZ": 236969,
    "EW_Dens": 1070.358,
    "area": 221560520.6,
    "id": 125
  },
  {
    "GEN": "Main-Kinzig-Kreis",
    "EWZ": 418208,
    "EW_Dens": 299.603,
    "area": 1396967336,
    "id": 124
  },
  {
    "GEN": "Hochtaunuskreis",
    "EWZ": 235995,
    "EW_Dens": 491.18,
    "area": 480834440.6,
    "id": 123
  },
  {
    "GEN": "Groß-Gerau",
    "EWZ": 271403,
    "EW_Dens": 599.064,
    "area": 453391688.4,
    "id": 122
  },
  {
    "GEN": "Darmstadt-Dieburg",
    "EWZ": 296048,
    "EW_Dens": 450.406,
    "area": 657812650.6,
    "id": 121
  },
  {
    "GEN": "Bergstraße",
    "EWZ": 268780,
    "EW_Dens": 374.089,
    "area": 719054176.4,
    "id": 120
  },
  {
    "GEN": "Wiesbaden",
    "EWZ": 278654,
    "EW_Dens": 1368.07,
    "area": 203833002,
    "id": 119
  },
  {
    "GEN": "Offenbach am Main",
    "EWZ": 126658,
    "EW_Dens": 2795.168,
    "area": 45349392.77,
    "id": 118
  },
  {
    "GEN": "Frankfurt am Main",
    "EWZ": 746878,
    "EW_Dens": 3011.295,
    "area": 248219915.7,
    "id": 117
  },
  {
    "GEN": "Darmstadt",
    "EWZ": 158254,
    "EW_Dens": 1286.272,
    "area": 123129811.1,
    "id": 116
  },
  {
    "GEN": "Unna",
    "EWZ": 393934,
    "EW_Dens": 726.177,
    "area": 542791322.3,
    "id": 115
  },
  {
    "GEN": "Soest",
    "EWZ": 301693,
    "EW_Dens": 227.085,
    "area": 1329505817,
    "id": 114
  },
  {
    "GEN": "Siegen-Wittgenstein",
    "EWZ": 277977,
    "EW_Dens": 245.3,
    "area": 1134028568,
    "id": 113
  },
  {
    "GEN": "Olpe",
    "EWZ": 134808,
    "EW_Dens": 189.552,
    "area": 711670248,
    "id": 112
  },
  {
    "GEN": "Märkischer Kreis",
    "EWZ": 413383,
    "EW_Dens": 389.789,
    "area": 1061165901,
    "id": 111
  },
  {
    "GEN": "Hochsauerlandkreis",
    "EWZ": 261591,
    "EW_Dens": 133.575,
    "area": 1959845528,
    "id": 110
  },
  {
    "GEN": "Ennepe-Ruhr-Kreis",
    "EWZ": 324670,
    "EW_Dens": 790.443,
    "area": 410935284.5,
    "id": 109
  },
  {
    "GEN": "Herne",
    "EWZ": 156490,
    "EW_Dens": 3039.745,
    "area": 51502946.42,
    "id": 108
  },
  {
    "GEN": "Hamm",
    "EWZ": 179185,
    "EW_Dens": 787.662,
    "area": 227634594,
    "id": 107
  },
  {
    "GEN": "Hagen",
    "EWZ": 187730,
    "EW_Dens": 1171.237,
    "area": 160368600.2,
    "id": 106
  },
  {
    "GEN": "Dortmund",
    "EWZ": 586600,
    "EW_Dens": 2098.35,
    "area": 279699493,
    "id": 105
  },
  {
    "GEN": "Bochum",
    "EWZ": 365529,
    "EW_Dens": 2525.151,
    "area": 144817078.2,
    "id": 104
  },
  {
    "GEN": "Paderborn",
    "EWZ": 305362,
    "EW_Dens": 245.105,
    "area": 1246826790,
    "id": 103
  },
  {
    "GEN": "Minden-Lübbecke",
    "EWZ": 311207,
    "EW_Dens": 270.35,
    "area": 1152033973,
    "id": 102
  },
  {
    "GEN": "Lippe",
    "EWZ": 349069,
    "EW_Dens": 280.41,
    "area": 1245842691,
    "id": 101
  },
  {
    "GEN": "Höxter",
    "EWZ": 141565,
    "EW_Dens": 117.99,
    "area": 1200759802,
    "id": 100
  },
  {
    "GEN": "Herford",
    "EWZ": 251539,
    "EW_Dens": 558.436,
    "area": 450788411.6,
    "id": 99
  },
  {
    "GEN": "Gütersloh",
    "EWZ": 363049,
    "EW_Dens": 374.75,
    "area": 969502692.2,
    "id": 98
  },
  {
    "GEN": "Bielefeld",
    "EWZ": 332552,
    "EW_Dens": 1284.664,
    "area": 259063917.2,
    "id": 97
  },
  {
    "GEN": "Warendorf",
    "EWZ": 277458,
    "EW_Dens": 210.544,
    "area": 1318701240,
    "id": 96
  },
  {
    "GEN": "Steinfurt",
    "EWZ": 446565,
    "EW_Dens": 248.865,
    "area": 1795416990,
    "id": 95
  },
  {
    "GEN": "Recklinghausen",
    "EWZ": 616824,
    "EW_Dens": 810.46,
    "area": 761383731.2,
    "id": 94
  },
  {
    "GEN": "Coesfeld",
    "EWZ": 219360,
    "EW_Dens": 197.302,
    "area": 1112336696,
    "id": 93
  },
  {
    "GEN": "Borken",
    "EWZ": 369718,
    "EW_Dens": 260.201,
    "area": 1421297945,
    "id": 92
  },
  {
    "GEN": "Münster",
    "EWZ": 313559,
    "EW_Dens": 1033.566,
    "area": 303551837.7,
    "id": 91
  },
  {
    "GEN": "Gelsenkirchen",
    "EWZ": 260305,
    "EW_Dens": 2472.898,
    "area": 105301085.8,
    "id": 90
  },
  {
    "GEN": "Bottrop",
    "EWZ": 117364,
    "EW_Dens": 1171.052,
    "area": 100250031.9,
    "id": 89
  },
  {
    "GEN": "Rhein-Sieg-Kreis",
    "EWZ": 599056,
    "EW_Dens": 520.086,
    "area": 1152316668,
    "id": 88
  },
  {
    "GEN": "Rheinisch-Bergischer Kreis",
    "EWZ": 283344,
    "EW_Dens": 646.879,
    "area": 438194692.8,
    "id": 87
  },
  {
    "GEN": "Oberbergischer Kreis",
    "EWZ": 272968,
    "EW_Dens": 297.432,
    "area": 918236820.7,
    "id": 86
  },
  {
    "GEN": "Heinsberg",
    "EWZ": 253106,
    "EW_Dens": 403.476,
    "area": 627205379.9,
    "id": 85
  },
  {
    "GEN": "Euskirchen",
    "EWZ": 192127,
    "EW_Dens": 153.706,
    "area": 1250108491,
    "id": 84
  },
  {
    "GEN": "Rhein-Erft-Kreis",
    "EWZ": 467209,
    "EW_Dens": 664.55,
    "area": 703161685.4,
    "id": 83
  },
  {
    "GEN": "Düren",
    "EWZ": 262889,
    "EW_Dens": 279.487,
    "area": 940616862.1,
    "id": 82
  },
  {
    "GEN": "Städteregion Aachen",
    "EWZ": 554068,
    "EW_Dens": 786.496,
    "area": 704371622,
    "id": 81
  },
  {
    "GEN": "Leverkusen",
    "EWZ": 163577,
    "EW_Dens": 2076.899,
    "area": 78785879.36,
    "id": 80
  },
  {
    "GEN": "Köln",
    "EWZ": 1080394,
    "EW_Dens": 2657.949,
    "area": 406599129.5,
    "id": 79
  },
  {
    "GEN": "Bonn",
    "EWZ": 325490,
    "EW_Dens": 2298.96,
    "area": 141632708.8,
    "id": 78
  },
  {
    "GEN": "Wesel",
    "EWZ": 460666,
    "EW_Dens": 441.993,
    "area": 1042383012,
    "id": 77
  },
  {
    "GEN": "Viersen",
    "EWZ": 298733,
    "EW_Dens": 530.04,
    "area": 563573340,
    "id": 76
  },
  {
    "GEN": "Rhein-Kreis Neuss",
    "EWZ": 449408,
    "EW_Dens": 779.349,
    "area": 576723407.8,
    "id": 75
  },
  {
    "GEN": "Mettmann",
    "EWZ": 485409,
    "EW_Dens": 1190.556,
    "area": 407841184.1,
    "id": 74
  },
  {
    "GEN": "Kleve",
    "EWZ": 311270,
    "EW_Dens": 252.347,
    "area": 1233397683,
    "id": 73
  },
  {
    "GEN": "Wuppertal",
    "EWZ": 353590,
    "EW_Dens": 2100.632,
    "area": 168392652.8,
    "id": 72
  },
  {
    "GEN": "Solingen",
    "EWZ": 158803,
    "EW_Dens": 1785.039,
    "area": 88994488.48,
    "id": 71
  },
  {
    "GEN": "Remscheid",
    "EWZ": 110584,
    "EW_Dens": 1493.503,
    "area": 74074587.09,
    "id": 70
  },
  {
    "GEN": "Oberhausen",
    "EWZ": 211422,
    "EW_Dens": 2729.863,
    "area": 77467412.14,
    "id": 69
  },
  {
    "GEN": "Mülheim an der Ruhr",
    "EWZ": 171265,
    "EW_Dens": 1877.107,
    "area": 91263032.1,
    "id": 68
  },
  {
    "GEN": "Mönchengladbach",
    "EWZ": 262188,
    "EW_Dens": 1535.601,
    "area": 170738571.9,
    "id": 67
  },
  {
    "GEN": "Krefeld",
    "EWZ": 226699,
    "EW_Dens": 1659.353,
    "area": 136633094.7,
    "id": 66
  },
  {
    "GEN": "Essen",
    "EWZ": 583393,
    "EW_Dens": 2772.301,
    "area": 210506506.2,
    "id": 65
  },
  {
    "GEN": "Duisburg",
    "EWZ": 498110,
    "EW_Dens": 2137.397,
    "area": 233089691.3,
    "id": 64
  },
  {
    "GEN": "Düsseldorf",
    "EWZ": 617280,
    "EW_Dens": 2838.901,
    "area": 217485276,
    "id": 63
  },
  {
    "GEN": "Bremerhaven",
    "EWZ": 113026,
    "EW_Dens": 1475.017,
    "area": 76686771.7,
    "id": 62
  },
  {
    "GEN": "Bremen",
    "EWZ": 568006,
    "EW_Dens": 1745.589,
    "area": 325653373,
    "id": 61
  },
  {
    "GEN": "Wittmund",
    "EWZ": 56731,
    "EW_Dens": 86.076,
    "area": 659485927.3,
    "id": 60
  },
  {
    "GEN": "Wesermarsch",
    "EWZ": 89022,
    "EW_Dens": 107.537,
    "area": 828452604.6,
    "id": 59
  },
  {
    "GEN": "Vechta",
    "EWZ": 140540,
    "EW_Dens": 172.807,
    "area": 813873521.5,
    "id": 58
  },
  {
    "GEN": "Osnabrück",
    "EWZ": 356140,
    "EW_Dens": 168.024,
    "area": 2121037286,
    "id": 57
  },
  {
    "GEN": "Oldenburg",
    "EWZ": 129924,
    "EW_Dens": 122.075,
    "area": 1065100903,
    "id": 56
  },
  {
    "GEN": "Leer",
    "EWZ": 168946,
    "EW_Dens": 158.743,
    "area": 1064850772,
    "id": 55
  },
  {
    "GEN": "Grafschaft Bentheim",
    "EWZ": 135859,
    "EW_Dens": 138.396,
    "area": 982013815.7,
    "id": 54
  },
  {
    "GEN": "Friesland",
    "EWZ": 98509,
    "EW_Dens": 159.566,
    "area": 617782247.9,
    "id": 53
  },
  {
    "GEN": "Emsland",
    "EWZ": 323636,
    "EW_Dens": 112.28,
    "area": 2883872247,
    "id": 52
  },
  {
    "GEN": "Cloppenburg",
    "EWZ": 167925,
    "EW_Dens": 118.24,
    "area": 1421144487,
    "id": 51
  },
  {
    "GEN": "Aurich",
    "EWZ": 189949,
    "EW_Dens": 146.841,
    "area": 1294231396,
    "id": 50
  },
  {
    "GEN": "Ammerland",
    "EWZ": 123377,
    "EW_Dens": 169.176,
    "area": 729785353.9,
    "id": 49
  },
  {
    "GEN": "Wilhelmshaven",
    "EWZ": 76316,
    "EW_Dens": 710.236,
    "area": 107527540.8,
    "id": 48
  },
  {
    "GEN": "Osnabrück",
    "EWZ": 164374,
    "EW_Dens": 1367.925,
    "area": 120246695.9,
    "id": 47
  },
  {
    "GEN": "Oldenburg (Oldb)",
    "EWZ": 167081,
    "EW_Dens": 1612.076,
    "area": 103719563.7,
    "id": 46
  },
  {
    "GEN": "Emden",
    "EWZ": 50607,
    "EW_Dens": 455.132,
    "area": 111240765.6,
    "id": 45
  },
  {
    "GEN": "Delmenhorst",
    "EWZ": 77521,
    "EW_Dens": 1241.878,
    "area": 62471540.39,
    "id": 44
  },
  {
    "GEN": "Verden",
    "EWZ": 136590,
    "EW_Dens": 173.232,
    "area": 789108650.9,
    "id": 43
  },
  {
    "GEN": "Uelzen",
    "EWZ": 92744,
    "EW_Dens": 63.454,
    "area": 1462369316,
    "id": 42
  },
  {
    "GEN": "Stade",
    "EWZ": 201887,
    "EW_Dens": 167.483,
    "area": 1206354662,
    "id": 41
  },
  {
    "GEN": "Heidekreis",
    "EWZ": 139099,
    "EW_Dens": 73.961,
    "area": 1882084266,
    "id": 40
  },
  {
    "GEN": "Rotenburg (Wümme)",
    "EWZ": 163377,
    "EW_Dens": 78.843,
    "area": 2073809600,
    "id": 39
  },
  {
    "GEN": "Osterholz",
    "EWZ": 113105,
    "EW_Dens": 173.282,
    "area": 653240134.2,
    "id": 38
  },
  {
    "GEN": "Lüneburg",
    "EWZ": 182930,
    "EW_Dens": 137.905,
    "area": 1327182198,
    "id": 37
  },
  {
    "GEN": "Lüchow-Dannenberg",
    "EWZ": 48357,
    "EW_Dens": 39.44,
    "area": 1226457908,
    "id": 36
  },
  {
    "GEN": "Harburg",
    "EWZ": 251511,
    "EW_Dens": 201.488,
    "area": 1249135842,
    "id": 35
  },
  {
    "GEN": "Cuxhaven",
    "EWZ": 198100,
    "EW_Dens": 96.267,
    "area": 2059459167,
    "id": 34
  },
  {
    "GEN": "Celle",
    "EWZ": 178764,
    "EW_Dens": 115.413,
    "area": 1549926565,
    "id": 33
  },
  {
    "GEN": "Schaumburg",
    "EWZ": 157883,
    "EW_Dens": 233.639,
    "area": 676291507.7,
    "id": 32
  },
  {
    "GEN": "Nienburg (Weser)",
    "EWZ": 121470,
    "EW_Dens": 86.75,
    "area": 1401337131,
    "id": 31
  },
  {
    "GEN": "Holzminden",
    "EWZ": 71144,
    "EW_Dens": 102.514,
    "area": 694525788.4,
    "id": 30
  },
  {
    "GEN": "Hildesheim",
    "EWZ": 276640,
    "EW_Dens": 229.233,
    "area": 1207647315,
    "id": 29
  },
  {
    "GEN": "Hameln-Pyrmont",
    "EWZ": 148296,
    "EW_Dens": 186.005,
    "area": 797890089.6,
    "id": 28
  },
  {
    "GEN": "Diepholz",
    "EWZ": 216012,
    "EW_Dens": 108.596,
    "area": 1990706675,
    "id": 27
  },
  {
    "GEN": "Region Hannover",
    "EWZ": 1152675,
    "EW_Dens": 502.069,
    "area": 2297539890,
    "id": 26
  },
  {
    "GEN": "Göttingen",
    "EWZ": 328036,
    "EW_Dens": 187.043,
    "area": 1754938867,
    "id": 25
  },
  {
    "GEN": "Wolfenbüttel",
    "EWZ": 120437,
    "EW_Dens": 166.37,
    "area": 724276323.4,
    "id": 24
  },
  {
    "GEN": "Peine",
    "EWZ": 133368,
    "EW_Dens": 248.836,
    "area": 536300113.1,
    "id": 23
  },
  {
    "GEN": "Northeim",
    "EWZ": 133046,
    "EW_Dens": 104.853,
    "area": 1269785163,
    "id": 22
  },
  {
    "GEN": "Helmstedt",
    "EWZ": 91720,
    "EW_Dens": 135.808,
    "area": 675629564.1,
    "id": 21
  },
  {
    "GEN": "Goslar",
    "EWZ": 137563,
    "EW_Dens": 142.047,
    "area": 968987550.9,
    "id": 20
  },
  {
    "GEN": "Gifhorn",
    "EWZ": 175079,
    "EW_Dens": 111.626,
    "area": 1569234510,
    "id": 19
  },
  {
    "GEN": "Wolfsburg",
    "EWZ": 123914,
    "EW_Dens": 604.714,
    "area": 205003032.6,
    "id": 18
  },
  {
    "GEN": "Salzgitter",
    "EWZ": 104548,
    "EW_Dens": 464.889,
    "area": 225019394.4,
    "id": 17
  },
  {
    "GEN": "Braunschweig",
    "EWZ": 248023,
    "EW_Dens": 1290.121,
    "area": 192350809.4,
    "id": 16
  },
  {
    "GEN": "Hamburg",
    "EWZ": 1830584,
    "EW_Dens": 2478.669,
    "area": 739041321.8,
    "id": 15
  },
  {
    "GEN": "Stormarn",
    "EWZ": 242472,
    "EW_Dens": 316.706,
    "area": 766073394.5,
    "id": 14
  },
  {
    "GEN": "Steinburg",
    "EWZ": 131613,
    "EW_Dens": 129.366,
    "area": 1018155781,
    "id": 13
  },
  {
    "GEN": "Segeberg",
    "EWZ": 274025,
    "EW_Dens": 203.727,
    "area": 1345945840,
    "id": 12
  },
  {
    "GEN": "Schleswig-Flensburg",
    "EWZ": 199503,
    "EW_Dens": 100.286,
    "area": 1990873203,
    "id": 11
  },
  {
    "GEN": "Rendsburg-Eckernförde",
    "EWZ": 273022,
    "EW_Dens": 125.949,
    "area": 2169314982,
    "id": 10
  },
  {
    "GEN": "Plön",
    "EWZ": 128842,
    "EW_Dens": 119.039,
    "area": 1083003352,
    "id": 9
  },
  {
    "GEN": "Pinneberg",
    "EWZ": 312662,
    "EW_Dens": 490.997,
    "area": 637261334,
    "id": 8
  },
  {
    "GEN": "Ostholstein",
    "EWZ": 200584,
    "EW_Dens": 144.739,
    "area": 1386460444,
    "id": 7
  },
  {
    "GEN": "Nordfriesland",
    "EWZ": 165462,
    "EW_Dens": 79.255,
    "area": 2089364551,
    "id": 6
  },
  {
    "GEN": "Herzogtum Lauenburg",
    "EWZ": 196074,
    "EW_Dens": 155.356,
    "area": 1262754931,
    "id": 5
  },
  {
    "GEN": "Dithmarschen",
    "EWZ": 133447,
    "EW_Dens": 93.627,
    "area": 1426447740,
    "id": 4
  },
  {
    "GEN": "Neumünster",
    "EWZ": 79335,
    "EW_Dens": 1111.131,
    "area": 71450101.91,
    "id": 3
  },
  {
    "GEN": "Lübeck",
    "EWZ": 216318,
    "EW_Dens": 1021.804,
    "area": 211804335.4,
    "id": 2
  },
  {
    "GEN": "Kiel",
    "EWZ": 247943,
    "EW_Dens": 2209.372,
    "area": 112298146.8,
    "id": 1
  },
  {
    "GEN": "Flensburg",
    "EWZ": 88519,
    "EW_Dens": 1799.783,
    "area": 49221574.98,
    "id": 0
  }
]