<?xml version="1.0" encoding="utf-8"?>
    <TileMap version="1.0.0" tilemapservice="http://tms.osgeo.org/1.0.0">
      <Title>rgb1986.tif</Title>
      <Abstract></Abstract>
      <SRS>EPSG:3857</SRS>
      <BoundingBox minx="13.01085950900000" miny="52.35351503330229" maxx="13.47174051374071" maxy="52.63492205300000"/>
      <Origin x="13.01085950900000" y="52.35351503330229"/>
      <TileFormat width="256" height="256" mime-type="image/png" extension="png"/>
      <TileSets profile="mercator">
        <TileSet href="6" units-per-pixel="2445.98490468750015" order="6"/>
        <TileSet href="7" units-per-pixel="1222.99245234375007" order="7"/>
        <TileSet href="8" units-per-pixel="611.49622617187504" order="8"/>
        <TileSet href="9" units-per-pixel="305.74811308593752" order="9"/>
        <TileSet href="10" units-per-pixel="152.87405654296876" order="10"/>
        <TileSet href="11" units-per-pixel="76.43702827148438" order="11"/>
        <TileSet href="12" units-per-pixel="38.21851413574219" order="12"/>
        <TileSet href="13" units-per-pixel="19.10925706787109" order="13"/>
      </TileSets>
    </TileMap>
    